{
    "series1": {
        "production_rhythm": 190.9,
        "heating_mean": [
            9954.0,
            5232.0,
            5748.0,
            3936.0,
            48.0
        ],
        "rolling_mean": [
            44.6,
            80.1,
            41.2,
            561.5,
            18.3,
            83.1,
            23.4
        ],
        "cooling_mean": [
            5.4,
            3.9
        ],
        "total_mean": [
            24918.0,
            852.2,
            9.3
        ],
        "total_var": [
            54440.0,
            1210.3999999999999,
            0.23333333333333334
        ]
    },
    "series2": {
        "production_rhythm": 253.4915254237288,
        "heating_mean": [
            9771.864406779661,
            4519.322033898305,
            4843.728813559322,
            3336.6101694915255,
            68.13559322033899
        ],
        "rolling_mean": [
            50.91525423728814,
            83.05084745762711,
            35.83050847457627,
            585.5762711864406,
            18.45762711864407,
            85.52542372881356,
            24.52542372881356
        ],
        "cooling_mean": [
            5.271186440677966,
            3.9661016949152543
        ],
        "total_mean": [
            22539.661016949154,
            883.8813559322034,
            9.23728813559322
        ],
        "total_var": [
            2553344.7106955,
            1699.5891291642315,
            0.18410286382232613
        ]
    },
    "series3": {
        "production_rhythm": 211.25,
        "heating_mean": [
            7507.5,
            7455.0,
            14167.5,
            3675.0,
            120.0
        ],
        "rolling_mean": [
            55.75,
            83.5,
            35.0,
            511.875,
            18.25,
            82.0,
            23.5
        ],
        "cooling_mean": [
            5.875,
            4.0
        ],
        "total_mean": [
            32925.0,
            809.875,
            9.875
        ],
        "total_var": [
            97457.14285714286,
            515.8392857142857,
            0.125
        ]
    },
    "series4": {
        "production_rhythm": 270.09375,
        "heating_mean": [
            9705.9375,
            5426.25,
            5302.5,
            3898.125,
            81.5625
        ],
        "rolling_mean": [
            50.140625,
            83.453125,
            33.546875,
            585.015625,
            18.390625,
            85.203125,
            24.5
        ],
        "cooling_mean": [
            5.140625,
            4.0
        ],
        "total_mean": [
            24414.375,
            880.25,
            9.140625
        ],
        "total_var": [
            1210139.2857142857,
            1232.7619047619048,
            0.12276785714285714
        ]
    },
    "series5": {
        "production_rhythm": 262.2025316455696,
        "heating_mean": [
            9567.341772151898,
            4737.721518987341,
            5036.962025316456,
            3773.9240506329115,
            76.70886075949367
        ],
        "rolling_mean": [
            49.151898734177216,
            113.81012658227849,
            27.20253164556962,
            803.7341772151899,
            19.265822784810126,
            122.54430379746836,
            23.88607594936709
        ],
        "cooling_mean": [
            8.278481012658228,
            0.0
        ],
        "total_mean": [
            23192.6582278481,
            1159.5949367088608,
            8.278481012658228
        ],
        "total_var": [
            1089950.535540409,
            1762.5517689061992,
            0.22914638104511512
        ]
    },
    "series6": {
        "production_rhythm": 280.5869565217391,
        "heating_mean": [
            8690.869565217392,
            5209.565217391304,
            5701.304347826087,
            4175.217391304348,
            114.78260869565217
        ],
        "rolling_mean": [
            39.15217391304348,
            84.21739130434783,
            25.304347826086957,
            812.5652173913044,
            17.152173913043477,
            117.23913043478261,
            25.47826086956522
        ],
        "cooling_mean": [
            7.043478260869565,
            1.5
        ],
        "total_mean": [
            23891.739130434784,
            1121.108695652174,
            8.543478260869565
        ],
        "total_var": [
            772259.1304347825,
            883.7879227053141,
            0.25362318840579706
        ]
    },
    "series7": {
        "production_rhythm": 228.11111111111111,
        "heating_mean": [
            8693.333333333334,
            4333.333333333333,
            4566.666666666667,
            3400.0,
            113.33333333333333
        ],
        "rolling_mean": [
            59.111111111111114,
            91.22222222222223,
            42.666666666666664,
            610.7777777777778,
            29.444444444444443,
            88.11111111111111,
            23.88888888888889
        ],
        "cooling_mean": [
            5.777777777777778,
            3.5555555555555554
        ],
        "total_mean": [
            21106.666666666668,
            945.2222222222222,
            9.333333333333334
        ],
        "total_var": [
            110500.0,
            3793.1944444444443,
            0.25
        ]
    },
    "series8": {
        "production_rhythm": 223.6,
        "heating_mean": [
            9220.0,
            5972.0,
            5272.0,
            3512.0,
            116.0
        ],
        "rolling_mean": [
            39.6,
            87.86666666666666,
            27.4,
            562.4,
            18.6,
            86.13333333333334,
            30.066666666666666
        ],
        "cooling_mean": [
            5.533333333333333,
            3.466666666666667
        ],
        "total_mean": [
            24092.0,
            852.0666666666667,
            9.0
        ],
        "total_var": [
            159874.2857142857,
            1060.9238095238095,
            0.2857142857142857
        ]
    },
    "series9": {
        "production_rhythm": 228.85714285714286,
        "heating_mean": [
            8477.142857142857,
            6745.714285714285,
            5228.571428571428,
            3625.714285714286,
            60.0
        ],
        "rolling_mean": [
            40.285714285714285,
            66.57142857142857,
            33.142857142857146,
            588.7142857142857,
            18.571428571428573,
            82.71428571428571,
            28.428571428571427
        ],
        "cooling_mean": [
            5.857142857142857,
            4.0
        ],
        "total_mean": [
            24137.14285714286,
            858.4285714285714,
            9.857142857142858
        ],
        "total_var": [
            78857.14285714286,
            631.2857142857141,
            0.1428571428571428
        ]
    },
    "series10": {
        "production_rhythm": 282.2758620689655,
        "heating_mean": [
            10802.068965517241,
            4444.137931034483,
            5290.3448275862065,
            3968.2758620689656,
            51.724137931034484
        ],
        "rolling_mean": [
            36.0,
            94.37931034482759,
            24.310344827586206,
            797.6206896551724,
            28.551724137931036,
            124.13793103448276,
            25.275862068965516
        ],
        "cooling_mean": [
            8.137931034482758,
            0.0
        ],
        "total_mean": [
            24556.55172413793,
            1130.2758620689656,
            8.137931034482758
        ],
        "total_var": [
            1882259.1133004928,
            1661.064039408867,
            0.2660098522167487
        ]
    },
    "max_detail": {
        "heating_max": [
            12660.0,
            10440.0,
            17340.0,
            5820.0,
            180.0
        ],